"title","rating","length"
"Darn Forrester","G",185
"Muscle Bright","G",185
"Moonwalker Fool","G",184
"Young Language","G",183
"Baked Cleopatra","G",182
"Lawless Vision","G",181
"Mussolini Spoilers","G",180
"Casualties Encino","G",179
"Potluck Mixed","G",179
"Torque Bound","G",179
"Wardrobe Phantom","G",178
"Empire Malkovich","G",177
"Caper Motions","G",176
"Beauty Grease","G",175
"Italian African","G",174
"Ballroom Mockingbird","G",173
"Conquerer Nuts","G",173
"Atlantis Cause","G",170
"Citizen Shrek","G",165
"Mulan Moon","G",160
"Malkovich Pet","G",159
"Graduate Lord","G",156
"Operation Operation","G",156
"Grapes Fury","G",155
"Sassy Packer","G",154
"Crossroads Casualties","G",153
"Saturday Lambs","G",150
"Blanket Beverly","G",148
"Easy Gladiator","G",148
"Tracy Cider","G",142
"Stranger Strangers","G",139
"Liberty Magnificent","G",138
"Grease Youth","G",135
"Fantasia Park","G",131
"Fargo Gandhi","G",130
"Gosford Donnie","G",129
"Wars Pluto","G",128
"Alamo Videotape","G",126
"Shining Roses","G",125
"Chisum Behavior","G",124
"Breakfast Goldfinger","G",123
"Beach Heartbreakers","G",122
"Bugsy Song","G",119
"Fidelity Devil","G",118
"Affair Prejudice","G",117
"Connection Microcosmos","G",115
"Married Go","G",114
"Cat Coneheads","G",112
"Jaws Harry","G",112
"Watership Frontier","G",112
"Secrets Paradise","G",109
"Autumn Crow","G",108
"Sagebrush Clueless","G",106
"Mob Duffel","G",105
"Glass Dying","G",103
"Heavyweights Beast","G",102
"Panic Club","G",102
"Rock Instinct","G",102
"Flatliners Killer","G",100
"Gun Bonnie","G",100
"Happiness United","G",100
"Hyde Doctor","G",100
"Armageddon Lost","G",99
"Stone Fire","G",94
"Goldfinger Sensibility","G",93
"Panky Submarine","G",93
"Truman Crazy","G",92
"Butterfly Chocolat","G",89
"Pulp Beverly","G",89
"Cheaper Clyde","G",87
"Ghost Groundhog","G",85
"Daisy Menagerie","G",84
"Warlock Werewolf","G",83
"Tycoon Gathering","G",82
"Clash Freddy","G",81
"Garden Island","G",80
"Meet Chocolate","G",80
"Turn Star","G",80
"Werewolf Lola","G",79
"Pickup Driving","G",77
"Angels Life","G",74
"Rebel Airport","G",73
"Valley Packer","G",73
"Coldblooded Darling","G",70
"Timberland Sky","G",69
"Lonely Elephant","G",67
"Novocaine Flight","G",64
"Sleepless Monsoon","G",64
"Bonnie Holocaust","G",63
"Borrowers Bedazzled","G",63
"Hanging Deep","G",62
"Unbreakable Karate","G",62
"Bulworth Commandments","G",61
"Minority Kiss","G",59
"Rings Heartbreakers","G",58
"Mosquito Armageddon","G",57
"Noon Papi","G",57
"Bride Intrigue","G",56
"Destiny Saturday","G",56
"Primary Glass","G",53
"Harper Dying","G",52
"Lust Lock","G",52
"Excitement Eve","G",51
"Blues Instinct","G",50
"Hook Chariots","G",49
"Ace Goldfinger","G",48
"Midsummer Groundhog","G",48
"Divorce Shining","G",47
"Downhill Enough","G",47
"Worst Banger","PG",185
"Monsoon Cause","PG",182
"Star Operation","PG",181
"Born Spinal","PG",179
"Manchurian Curtain","PG",177
"Cyclone Family","PG",176
"Patton Interview","PG",175
"Talented Homicide","PG",173
"Northwest Polish","PG",172
"Tramp Others","PG",171
"Trading Pinocchio","PG",170
"Agent Truman","PG",169
"Dying Maker","PG",168
"Motions Details","PG",166
"Murder Antitrust","PG",166
"Everyone Craft","PG",163
"Queen Luke","PG",163
"Gables Metropolis","PG",161
"Stock Glass","PG",160
"Fool Mockingbird","PG",158
"Secretary Rouge","PG",158
"Tootsie Pilot","PG",157
"Center Dinosaur","PG",152
"Twisted Pirates","PG",152
"Wagon Jaws","PG",152
"Carol Texas","PG",151
"Hysterical Grail","PG",150
"Nightmare Chill","PG",149
"Fireball Philadelphia","PG",148
"Telegraph Voyage","PG",148
"Cowboy Doom","PG",146
"Mourning Purple","PG",146
"President Bang","PG",144
"Chill Luck","PG",142
"Disciple Mother","PG",141
"Steers Armageddon","PG",140
"Maiden Home","PG",138
"Grit Clockwork","PG",137
"Pollock Deliverance","PG",137
"Sleepy Japanese","PG",137
"Alaska Phantom","PG",136
"Bringing Hysterical","PG",136
"Dream Pickup","PG",135
"Money Harold","PG",135
"Bucket Brotherhood","PG",133
"Mallrats United","PG",133
"Necklace Outbreak","PG",132
"Open African","PG",131
"Majestic Floats","PG",130
"Unforgiven Zoolander","PG",129
"Holes Brannigan","PG",128
"Jedi Beneath","PG",128
"Chicken Hellfighters","PG",122
"Mighty Luck","PG",122
"Dangerous Uptown","PG",121
"Jawbreaker Brooklyn","PG",118
"Others Soup","PG",118
"Graffiti Love","PG",117
"Words Hunter","PG",116
"Oscar Gold","PG",115
"Potter Connecticut","PG",115
"Carrie Bunch","PG",114
"Chasing Fight","PG",114
"Amadeus Holy","PG",113
"Legally Secretary","PG",113
"Wonderland Christmas","PG",111
"Snatch Slipper","PG",110
"Effect Gladiator","PG",107
"Monster Spartacus","PG",107
"Gaslight Crusade","PG",106
"Private Drop","PG",106
"Won Dares","PG",105
"Crow Grease","PG",104
"Pinocchio Simon","PG",103
"Boiled Dares","PG",102
"Behavior Runaway","PG",100
"Pirates Roxanne","PG",100
"Punk Divorce","PG",100
"French Holiday","PG",99
"Pet Haunting","PG",99
"Bound Cheaper","PG",98
"Sensibility Rear","PG",98
"Expendable Stallion","PG",97
"Invasion Cyclone","PG",97
"Drums Dynamite","PG",96
"Horn Working","PG",95
"Bill Others","PG",93
"Shane Darkness","PG",93
"Fatal Haunted","PG",91
"Titans Jerk","PG",91
"Secret Groundhog","PG",90
"Academy Dinosaur","PG",86
"Blackout Private","PG",85
"Egypt Tenenbaums","PG",85
"Lola Agent","PG",85
"Stage World","PG",85
"Moon Bunch","PG",83
"Frost Head","PG",82
"Peak Forever","PG",80
"Sea Virgin","PG",80
"Shawshank Bubble","PG",80
"Watch Tracy","PG",78
"Hellfighters Sierra","PG",75
"Newton Labyrinth","PG",75
"Silverado Goldfinger","PG",74
"Musketeers Wait","PG",73
"Fiction Christmas","PG",72
"Temple Attraction","PG",71
"Hollywood Anonymous","PG",69
"Tomatoes Hellfighters","PG",68
"Egg Igby","PG",67
"Charade Duffel","PG",66
"Lovely Jingle","PG",65
"Patriot Roman","PG",65
"Mile Mulan","PG",64
"Polish Brooklyn","PG",61
"Trouble Date","PG",61
"Room Roman","PG",60
"Legend Jedi","PG",59
"Jekyll Frogmen","PG",58
"Oklahoma Jumanji","PG",58
"Super Wyoming","PG",58
"Goodfellas Salute","PG",56
"Coast Rainbow","PG",55
"Movie Shakespeare","PG",53
"Trojan Tomorrow","PG",52
"Champion Flatliners","PG",51
"Hurricane Affair","PG",49
"Pelican Comforts","PG",48
"Rush Goodfellas","PG",48
"Suspects Quills","PG",47
"Iron Moon","PG",46
"Chicago North","PG-13",185
"Gangs Pride","PG-13",185
"Pond Seattle","PG-13",185
"Jacket Frisco","PG-13",181
"Impact Aladdin","PG-13",180
"Nash Chocolat","PG-13",180
"Kick Savannah","PG-13",179
"Image Princess","PG-13",178
"Innocent Usual","PG-13",178
"Name Detective","PG-13",178
"Rocketeer Mother","PG-13",178
"Wrong Behavior","PG-13",178
"Evolution Alter","PG-13",174
"Vietnam Smoochy","PG-13",174
"Idaho Love","PG-13",172
"Uncut Suicides","PG-13",172
"Magnolia Forrester","PG-13",171
"Moonshine Cabin","PG-13",171
"World Leathernecks","PG-13",171
"Breaking Home","PG-13",169
"Translation Summer","PG-13",168
"Show Lord","PG-13",167
"Contact Anonymous","PG-13",166
"Mine Titans","PG-13",166
"Darling Breaking","PG-13",165
"Speakeasy Date","PG-13",165
"Miracle Virtual","PG-13",162
"Roses Treasure","PG-13",162
"Metal Armageddon","PG-13",161
"Peach Innocent","PG-13",160
"Driver Annie","PG-13",159
"Poseidon Forever","PG-13",159
"Hobbit Alien","PG-13",157
"Past Suicides","PG-13",157
"Slipper Fidelity","PG-13",156
"Right Cranes","PG-13",153
"Telemark Heartbreakers","PG-13",152
"Tourist Pelican","PG-13",152
"Bingo Talented","PG-13",150
"Cleopatra Devil","PG-13",150
"Flintstones Happiness","PG-13",148
"Outlaw Hanky","PG-13",148
"Arachnophobia Rollercoaster","PG-13",147
"Half Outfield","PG-13",146
"Paycheck Wait","PG-13",145
"Factory Dragon","PG-13",144
"Strictly Scarface","PG-13",144
"Crooked Frogmen","PG-13",143
"Detective Vision","PG-13",143
"Million Ace","PG-13",142
"Dynamite Tarzan","PG-13",141
"Homicide Peach","PG-13",141
"Clyde Theory","PG-13",139
"Groundhog Uncut","PG-13",139
"Expecations Natural","PG-13",138
"Maker Gables","PG-13",136
"Sunrise League","PG-13",135
"Thief Pelican","PG-13",135
"Pittsburgh Hunchback","PG-13",134
"Curtain Videotape","PG-13",133
"Platoon Instinct","PG-13",132
"Streak Ridgemont","PG-13",132
"Trainspotting Strangers","PG-13",132
"Stallion Sundance","PG-13",130
"Sleeping Suspects","PG-13",129
"Usual Untouchables","PG-13",128
"Maltese Hope","PG-13",127
"Sinners Atlantis","PG-13",126
"Hunter Alter","PG-13",125
"Jingle Sagebrush","PG-13",124
"Speed Suit","PG-13",124
"Swarm Gold","PG-13",123
"Harry Idaho","PG-13",121
"Paris Weekend","PG-13",121
"Command Darling","PG-13",120
"Identity Lover","PG-13",119
"Backlash Undefeated","PG-13",118
"Glory Tracy","PG-13",115
"Alabama Devil","PG-13",114
"Blade Polish","PG-13",114
"Spy Mile","PG-13",112
"Wait Cider","PG-13",112
"Celebrity Horn","PG-13",110
"Rugrats Shakespeare","PG-13",109
"Lord Arizona","PG-13",108
"Undefeated Dalmations","PG-13",107
"Wanda Chamber","PG-13",107
"Blindness Gun","PG-13",103
"Falcon Volume","PG-13",102
"Robbers Joon","PG-13",102
"Scarface Bang","PG-13",102
"Wyoming Storm","PG-13",100
"Tenenbaums Command","PG-13",99
"Lost Bird","PG-13",98
"Madre Gables","PG-13",98
"Prejudice Oleander","PG-13",98
"Core Suit","PG-13",92
"Tarzan Videotape","PG-13",91
"Basic Easy","PG-13",90
"Circus Youth","PG-13",90
"Roots Remember","PG-13",89
"Congeniality Quest","PG-13",87
"Gandhi Kwai","PG-13",86
"Packer Madigan","PG-13",84
"Attraction Newton","PG-13",83
"Reign Gentlemen","PG-13",82
"Shock Cabin","PG-13",79
"Holiday Games","PG-13",78
"Voyage Legally","PG-13",78
"Berets Agent","PG-13",77
"Orange Grapes","PG-13",76
"Network Peak","PG-13",75
"Snatchers Montezuma","PG-13",74
"Bright Encounters","PG-13",73
"Knock Warlock","PG-13",71
"Louisiana Harry","PG-13",70
"Divide Monster","PG-13",68
"Shootist Superfly","PG-13",67
"Confessions Maguire","PG-13",65
"Trip Newton","PG-13",64
"Victory Academy","PG-13",64
"Shakespeare Saddle","PG-13",60
"Daughter Madigan","PG-13",59
"Fantasy Troopers","PG-13",58
"Alter Victory","PG-13",57
"Juggler Hardly","PG-13",54
"October Submarine","PG-13",54
"Thin Sagebrush","PG-13",53
"Deep Crusade","PG-13",51
"English Bulworth","PG-13",51
"Natural Stock","PG-13",50
"Notting Speakeasy","PG-13",48
"Halloween Nuts","PG-13",47
"Hawk Chill","PG-13",47
"Labyrinth League","PG-13",46
"Ridgemont Submarine","PG-13",46
"Home Pity","R",185
"Soldiers Evolution","R",185
"Sweet Brotherhood","R",185
"Analyze Hoosiers","R",181
"Cause Date","R",179
"Slacker Liaisons","R",179
"Express Lonely","R",178
"Double Wrath","R",177
"Quest Mussolini","R",177
"Entrapment Satisfaction","R",176
"Velvet Terminator","R",173
"Tights Dawn","R",172
"Roxanne Rebel","R",171
"Escape Metropolis","R",167
"Requiem Tycoon","R",167
"Massacre Usual","R",165
"United Pilot","R",164
"Virginian Pluto","R",164
"Story Side","R",163
"Badman Dawn","R",162
"Neighbors Charade","R",161
"Wash Heavenly","R",161
"Bear Graceland","R",160
"Road Roxanne","R",158
"Finding Anaconda","R",156
"Family Sweet","R",155
"Doubtfire Labyrinth","R",154
"Durham Panky","R",154
"Gold River","R",154
"Raging Airplane","R",154
"Goldmine Tycoon","R",153
"Tuxedo Mile","R",152
"Grinch Massage","R",150
"Holocaust Highball","R",149
"Spirit Flintstones","R",149
"Army Flintstones","R",148
"Madison Trap","R",147
"Hamlet Wisdom","R",146
"Run Pacific","R",145
"Vacation Boondock","R",145
"South Wait","R",143
"Tomorrow Hustler","R",142
"Kissing Dolls","R",141
"Sun Confessions","R",141
"Loathing Legally","R",140
"Horror Reign","R",139
"Shrunk Divine","R",139
"Worker Tarzan","R",139
"Lose Inch","R",137
"Town Ark","R",136
"Robbery Bright","R",134
"Weekend Personal","R",134
"Ice Crossing","R",131
"American Circus","R",129
"Music Boondock","R",129
"Galaxy Sweethearts","R",128
"Freaky Pocus","R",126
"Pajama Jawbreaker","R",126
"Women Dorado","R",126
"Fish Opus","R",125
"Illusion Amelie","R",122
"Lock Rear","R",120
"Rage Games","R",120
"Strangers Graffiti","R",119
"Orient Closer","R",118
"Troopers Metal","R",115
"Banger Pinocchio","R",113
"Shepherd Midsummer","R",113
"Crusade Honey","R",112
"Stagecoach Armageddon","R",112
"Highball Potter","R",110
"House Dynamite","R",109
"Gorgeous Bingo","R",108
"Handicap Boondock","R",108
"Ship Wonderland","R",104
"Titanic Boondock","R",104
"Mother Oleander","R",103
"Giant Troopers","R",102
"Ghostbusters Elf","R",101
"Zoolander Fiction","R",101
"Divine Resurrection","R",100
"Earring Instinct","R",98
"Feud Frogmen","R",98
"Clueless Bucket","R",95
"Anaconda Confessions","R",92
"Beast Hunchback","R",89
"Details Packer","R",88
"Purple Movie","R",88
"Devil Desire","R",87
"Yentl Idaho","R",86
"Beverly Outlaw","R",85
"Canyon Stock","R",85
"Oz Liaisons","R",85
"High Encino","R",84
"Honey Ties","R",84
"Jeepers Wedding","R",84
"Pluto Oleander","R",84
"Fugitive Maguire","R",83
"Anything Savannah","R",82
"Stampede Disturbing","R",75
"Working Microcosmos","R",74
"Brotherhood Blanket","R",73
"Frida Slipper","R",73
"Salute Apollo","R",73
"Streetcar Intentions","R",73
"Chariots Conspiracy","R",71
"Chance Resurrection","R",70
"Head Stranger","R",69
"Doom Dancing","R",68
"Silence Kane","R",67
"Desert Poseidon","R",64
"Boulevard Mob","R",63
"Forrest Sons","R",63
"Reunion Witches","R",63
"Jet Neighbors","R",59
"Airport Pollock","R",54
"Go Purple","R",54
"Scalawag Duck","NC-17",183
"Wife Turn","NC-17",183
"Searchers Wait","NC-17",182
"Runaway Tenenbaums","NC-17",181
"Alley Evolution","NC-17",180
"Something Duck","NC-17",180
"Anonymous Human","NC-17",179
"Redemption Comforts","NC-17",179
"Youth Kick","NC-17",179
"Dozen Lion","NC-17",177
"Wrath Mile","NC-17",176
"Driving Polish","NC-17",175
"Lawrence Love","NC-17",175
"Jade Bunch","NC-17",174
"Uprising Uptown","NC-17",174
"Pizza Jumanji","NC-17",173
"Creepers Kane","NC-17",172
"Jericho Mulan","NC-17",171
"Artist Coldblooded","NC-17",170
"Dragon Squad","NC-17",170
"Hedwig Alter","NC-17",169
"Outbreak Divine","NC-17",169
"Antitrust Tomatoes","NC-17",168
"Inch Jet","NC-17",167
"Igby Maker","NC-17",160
"Mummy Creatures","NC-17",160
"Enough Raging","NC-17",158
"Lolita World","NC-17",155
"Elizabeth Shane","NC-17",152
"Luck Opus","NC-17",152
"Christmas Moonshine","NC-17",150
"Racer Egg","NC-17",147
"Nuts Ties","NC-17",145
"Videotape Arsenic","NC-17",145
"Virtual Spoilers","NC-17",144
"Steel Santa","NC-17",143
"Spice Sorority","NC-17",141
"Eagles Panky","NC-17",140
"Creatures Shakespeare","NC-17",139
"Dorado Notting","NC-17",139
"Hope Tootsie","NC-17",139
"Life Twisted","NC-17",137
"Scorpion Apollo","NC-17",137
"Hollow Jeopardy","NC-17",136
"Pianist Outfield","NC-17",136
"Candles Grapes","NC-17",135
"Jungle Closer","NC-17",134
"Dragonfly Strangers","NC-17",133
"Forever Candidate","NC-17",131
"Nemo Campus","NC-17",131
"Jason Trap","NC-17",130
"Outfield Massacre","NC-17",129
"Notorious Reunion","NC-17",128
"Wonderful Drop","NC-17",126
"Donnie Alley","NC-17",125
"Insects Stone","NC-17",123
"Mask Peach","NC-17",123
"Deceiver Betrayed","NC-17",122
"Hours Rage","NC-17",122
"Vanilla Day","NC-17",122
"Pure Runner","NC-17",121
"Dumbo Lust","NC-17",119
"Rouge Squad","NC-17",118
"Chamber Italian","NC-17",117
"Element Freddy","NC-17",115
"Pride Alamo","NC-17",114
"State Wasteland","NC-17",113
"Coneheads Smoochy","NC-17",112
"Forrester Comancheros","NC-17",112
"Groove Fiction","NC-17",111
"Coma Head","NC-17",109
"Panther Reds","NC-17",109
"Hanky October","NC-17",107
"Deer Virginian","NC-17",106
"Zhivago Core","NC-17",105
"Mermaid Insects","NC-17",104
"Birdcage Casper","NC-17",103
"Impossible Prejudice","NC-17",103
"Strangelove Desire","NC-17",103
"Chocolat Harry","NC-17",101
"Runner Madigan","NC-17",101
"Darkness War","NC-17",99
"Patient Sister","NC-17",99
"Rear Trading","NC-17",97
"Greatest North","NC-17",93
"Sting Personal","NC-17",93
"Apache Divine","NC-17",92
"Caribbean Liberty","NC-17",92
"Encounters Curtain","NC-17",92
"National Story","NC-17",92
"Forward Temple","NC-17",90
"Gleaming Jawbreaker","NC-17",89
"Sleuth Orient","NC-17",87
"Earth Vision","NC-17",85
"Grail Frankenstein","NC-17",85
"Wonka Sea","NC-17",85
"Idols Snatchers","NC-17",84
"Island Exorcist","NC-17",84
"Hustler Party","NC-17",83
"None Spiking","NC-17",83
"Roman Punk","NC-17",81
"Insider Arizona","NC-17",78
"Enemy Odds","NC-17",77
"Fellowship Autumn","NC-17",77
"Memento Zoolander","NC-17",77
"Comforts Rush","NC-17",76
"California Birds","NC-17",75
"Jumping Wrath","NC-17",74
"Luke Mummy","NC-17",74
"Maguire Apache","NC-17",74
"Random Go","NC-17",73
"Bowfinger Gables","NC-17",72
"Princess Giant","NC-17",71
"Clue Grail","NC-17",70
"Gunfight Moon","NC-17",70
"Flying Hook","NC-17",69
"Human Graffiti","NC-17",68
"North Tequila","NC-17",67
"Freddy Storm","NC-17",65
"Craft Outfield","NC-17",64
"Aladdin Calendar","NC-17",63
"Mars Roman","NC-17",62
"Camelot Vacation","NC-17",61
"Pity Bound","NC-17",60
"Dances None","NC-17",58
"Cranes Reservoir","NC-17",57
"Storm Happiness","NC-17",57
"Wolves Desire","NC-17",55
"Beneath Rush","NC-17",53
"Cabin Flash","NC-17",53
"Caddyshack Jedi","NC-17",52
"Hall Cassidy","NC-17",51
"Simon North","NC-17",51
"Adaptation Holes","NC-17",50
"Zorro Ark","NC-17",50
"Doors President","NC-17",49
"Odds Boogie","NC-17",48
"Stepmom Dream","NC-17",48
"Sunset Racer","NC-17",48
"Hanover Galaxy","NC-17",47
"Alien Center","NC-17",46
